,clf,log_loss,accuracy,f1-macro,ROC
0,NB_M,1.339527674984191,0.552710843373494,0.3364743800511211,0.8021946942967262
1,NB_C,1.565477289826486,0.5918674698795181,0.4279667450957997,0.8387275568830507
2,KNN,1.6691481575502352,0.5045180722891566,0.28292446927370674,0.8299640677258786
3,RF,1.4607843038568697,0.6129518072289156,0.531518773044563,0.8835149067356656
4,SVC,1.0334689081520276,0.6370481927710844,0.5030588245666758,0.8907070642192176
